Series Name,Series Code,Country Name,Country Code,2014 [YR2014],2015 [YR2015],2016 [YR2016],2017 [YR2017],2018 [YR2018],2019 [YR2019],2020 [YR2020],2021 [YR2021],2022 [YR2022],2023 [YR2023]
Price level ratio of PPP conversion factor (GDP) to market exchange rate,PA.NUS.PPPC.RF,Afghanistan,AFG,0.280987881083867,0.247614251046152,0.23589670774426,0.224963910315426,0.202007124113082,0.192221917434848,0.199371857842555,0.166263302067621,0.168281609531497,0.187993966286215
Price level ratio of PPP conversion factor (GDP) to market exchange rate,PA.NUS.PPPC.RF,Albania,ALB,0.406655042417948,0.338947145893809,0.341428447016508,0.354790608493461,0.391731835310123,0.369140857350477,0.37009087109992,0.398015822592829,0.35236509870851,0.404332620441353
Price level ratio of PPP conversion factor (GDP) to market exchange rate,PA.NUS.PPPC.RF,Algeria,DZA,0.414770264586078,0.339316269216244,0.329292751429834,0.337543782856016,0.333442708969579,0.321644246444574,0.295313224987704,0.286997163356223,0.313306579246608,0.318822657845985
Price level ratio of PPP conversion factor (GDP) to market exchange rate,PA.NUS.PPPC.RF,American Samoa,ASM,..,..,..,..,..,..,..,..,..,..
Price level ratio of PPP conversion factor (GDP) to market exchange rate,PA.NUS.PPPC.RF,Andorra,AND,0.91473269279999,0.76192522853544,0.755596148226227,0.7661881617016,0.77509352285557,0.71783827489834,0.71716069963247,0.715053505428999,0.619453950090325,0.652614137142021
Price level ratio of PPP conversion factor (GDP) to market exchange rate,PA.NUS.PPPC.RF,Angola,AGO,0.626511613384655,0.451408159659843,0.264176316567577,0.348542002652781,0.345489998832843,0.290879978262779,0.224768108944545,0.259967838981942,0.369682720660272,0.287059467968953
Price level ratio of PPP conversion factor (GDP) to market exchange rate,PA.NUS.PPPC.RF,Antigua and Barbuda,ATG,0.716707426544978,0.766132850867811,0.776572018041041,0.791976805086489,0.745117752640337,0.711711954187463,0.687060576898081,0.67384993588483,0.669883274398741,0.677688469561389
Price level ratio of PPP conversion factor (GDP) to market exchange rate,PA.NUS.PPPC.RF,Argentina,ARG,0.627745774331629,0.687447782840901,0.631657865947359,0.62144344185593,0.481467070966957,0.423355375548655,0.381166737382459,0.408285397167516,0.470836720758073,0.471622202801391
Price level ratio of PPP conversion factor (GDP) to market exchange rate,PA.NUS.PPPC.RF,Armenia,ARM,0.395647600550136,0.359992907269505,0.333428009699777,0.320657413960074,0.325840237476222,0.30697812531997,0.290261718464722,0.294263704063936,0.342980404731774,0.377322487024078
Price level ratio of PPP conversion factor (GDP) to market exchange rate,PA.NUS.PPPC.RF,Aruba,ABW,0.73280502011743,0.763303791019128,0.759784686729285,0.757897566150687,0.765701445787313,0.79509039830895,0.788775769025922,0.761985246029648,0.733731968938425,0.755766011715458
Price level ratio of PPP conversion factor (GDP) to market exchange rate,PA.NUS.PPPC.RF,Australia,AUS,1.33345543379171,1.22642564340216,1.05560473092982,1.11433622258473,1.13974126437851,1.04365870910572,0.959384642611267,1.04234593083354,0.987274641505217,0.921534143682106
Price level ratio of PPP conversion factor (GDP) to market exchange rate,PA.NUS.PPPC.RF,Austria,AUT,1.06120244100745,0.886055884940234,0.859987342362259,0.875513078895296,0.90390612466745,0.826543853772548,0.832431382006228,0.852755763565878,0.738256596540859,0.79710150073923
Price level ratio of PPP conversion factor (GDP) to market exchange rate,PA.NUS.PPPC.RF,Azerbaijan,AZE,0.449272061484404,0.364869265023484,0.266974276483708,0.289691151445364,0.310135082130732,0.288195627577165,0.278952156796175,0.268904794664944,0.344561662830981,0.301972944525906
Price level ratio of PPP conversion factor (GDP) to market exchange rate,PA.NUS.PPPC.RF,"Bahamas, The",BHS,0.918396825378532,0.955871813530898,0.94831266986888,0.929797828197479,0.926608264446259,0.931452453136444,0.962290525436401,0.977568686008453,0.95175889800959,0.976986677146743
Price level ratio of PPP conversion factor (GDP) to market exchange rate,PA.NUS.PPPC.RF,Bahrain,BHR,0.487150206442112,0.494106947687074,0.501803762934372,0.493872989999487,0.506305472647891,0.481624988482354,0.45555112685295,0.49400361294442,0.497322872951311,0.460156805455495
Price level ratio of PPP conversion factor (GDP) to market exchange rate,PA.NUS.PPPC.RF,Bangladesh,BGD,0.330036171007216,0.348202046269634,0.360173872532574,0.370925254495584,0.357957536790762,0.35220031278481,0.33865254349011,0.333668338762788,0.321456738329406,0.278867487199533
Price level ratio of PPP conversion factor (GDP) to market exchange rate,PA.NUS.PPPC.RF,Barbados,BRB,1.08592722787624,1.06456380645221,1.05840749483121,1.10022187232971,1.08111333847046,1.0971919298172,1.1594123840332,1.19210171699524,1.12016683865246,1.11566597358505
Price level ratio of PPP conversion factor (GDP) to market exchange rate,PA.NUS.PPPC.RF,Belarus,BLR,0.438143113329308,0.329061992892785,0.282617796687098,0.314197036721733,0.317589301929991,0.306604704090341,0.263057861315616,0.27125674876434,0.28120964139832,0.254495598351831
Price level ratio of PPP conversion factor (GDP) to market exchange rate,PA.NUS.PPPC.RF,Belgium,BEL,1.06308492661882,0.887370657715625,0.864503507062648,0.87621912963059,0.905091802995293,0.823745167498038,0.818000876365761,0.852243637011614,0.746282933260703,0.793982040749034
Price level ratio of PPP conversion factor (GDP) to market exchange rate,PA.NUS.PPPC.RF,Belize,BLZ,0.645751024128025,0.64524774465891,0.653350764318335,0.6657258272171,0.633025348186495,0.58777493238449,0.54347938299179,0.524310171604155,0.524911993898085,0.539663011297845
Price level ratio of PPP conversion factor (GDP) to market exchange rate,PA.NUS.PPPC.RF,Benin,BEN,0.451015632433604,0.367814614319095,0.355568311021952,0.365562331794492,0.38840539904145,0.359107222728037,0.36907658686677,0.380694312684749,0.328994120059221,0.337622337083457
Price level ratio of PPP conversion factor (GDP) to market exchange rate,PA.NUS.PPPC.RF,Bermuda,BMU,1.40246737743196,1.38070297151496,1.35237412323767,1.31113624572754,1.3166686296463,1.2727233171463,1.25638365745544,1.22146320343018,1.15087209332994,1.15651546560852
Price level ratio of PPP conversion factor (GDP) to market exchange rate,PA.NUS.PPPC.RF,Bhutan,BTN,0.305629027036071,0.289220151299186,0.279626549268895,0.294182253802503,0.284070905384424,0.277082027278841,0.255844231550554,0.265299225735699,0.246373761926229,..
Price level ratio of PPP conversion factor (GDP) to market exchange rate,PA.NUS.PPPC.RF,Bolivia,BOL,0.43158053853801,0.418902991329314,0.402214120803876,0.388507560089598,0.391029552509402,0.381919099004499,0.373757592848517,0.358025589486107,0.351324845969918,0.337408497478402
Price level ratio of PPP conversion factor (GDP) to market exchange rate,PA.NUS.PPPC.RF,Bosnia and Herzegovina,BIH,0.466164698681868,0.393484561602011,0.382077720675319,0.392233563751939,0.40702680269667,0.372662917407038,0.374486117767151,0.399299944584475,0.36283317595031,0.385808068096504
Price level ratio of PPP conversion factor (GDP) to market exchange rate,PA.NUS.PPPC.RF,Botswana,BWA,0.474719218947791,0.43420084706355,0.415886661199235,0.452526309501875,0.469279364219083,0.449378605766125,0.41349653200609,0.43472249726079,0.41691790408194,0.373880391742009
Price level ratio of PPP conversion factor (GDP) to market exchange rate,PA.NUS.PPPC.RF,Brazil,BRA,0.775557905543275,0.602923712646572,0.61752458070631,0.692387899669862,0.601449588635917,0.561911903420213,0.439346756877728,0.441063637995683,0.466941782926773,0.487740043002971
Price level ratio of PPP conversion factor (GDP) to market exchange rate,PA.NUS.PPPC.RF,British Virgin Islands,VGB,..,..,..,..,..,..,..,..,..,..
Price level ratio of PPP conversion factor (GDP) to market exchange rate,PA.NUS.PPPC.RF,Brunei Darussalam,BRN,0.505093645530469,0.488378094270659,0.470422085266032,0.45451567970364,0.475651224087639,0.438716057849232,0.38451271483444,0.396261217644167,0.447825747915159,0.386582062380991
Price level ratio of PPP conversion factor (GDP) to market exchange rate,PA.NUS.PPPC.RF,Bulgaria,BGR,0.449143862826852,0.384909688939435,0.377307346826269,0.390619379876096,0.410663919178142,0.386815767566642,0.394324058518514,0.419213891937494,0.391774772116083,0.424624643311477
Price level ratio of PPP conversion factor (GDP) to market exchange rate,PA.NUS.PPPC.RF,Burkina Faso,BFA,0.460394575727433,0.37250676375849,0.352724439771253,0.347184934781015,0.374985188844771,0.342651114365447,0.346632975976805,0.360168978396194,0.316487286998796,0.320428901648767
Price level ratio of PPP conversion factor (GDP) to market exchange rate,PA.NUS.PPPC.RF,Burundi,BDI,0.345878233838682,0.352342096596437,0.304779838527781,0.310920834313883,0.298490604417955,0.26981139202534,0.267010696685367,0.255886536688489,0.282081151637645,0.209811665514768
Price level ratio of PPP conversion factor (GDP) to market exchange rate,PA.NUS.PPPC.RF,Cabo Verde,CPV,0.62111746687695,0.504180899483507,0.490965453088191,0.490576184023624,0.542538733275285,0.506697269065339,0.516481139223264,0.516750480871195,0.455994112186695,0.470572813421873
Price level ratio of PPP conversion factor (GDP) to market exchange rate,PA.NUS.PPPC.RF,Cambodia,KHM,0.34765357692558,0.348995121648607,0.352812069879324,0.361649688754212,0.362592257783724,0.361696308427342,0.350316419981163,0.348147437686668,0.336129380938169,0.327216305493449
Price level ratio of PPP conversion factor (GDP) to market exchange rate,PA.NUS.PPPC.RF,Cameroon,CMR,0.481974710543351,0.404556138610255,0.397496675696979,0.39711135396875,0.401593456076781,0.366702576289334,0.356344651967183,0.348869706544948,0.309285840393464,0.321309207772821
Price level ratio of PPP conversion factor (GDP) to market exchange rate,PA.NUS.PPPC.RF,Canada,CAN,1.11370101260246,0.975928577006643,0.910554611179205,0.934024592437356,0.931107550210113,0.917897265900007,0.896012083402402,0.928362264290505,0.885205157982699,0.842509608154765
Price level ratio of PPP conversion factor (GDP) to market exchange rate,PA.NUS.PPPC.RF,Cayman Islands,CYM,1.19327710013052,1.19325144108393,1.18456403043971,1.1769579520411,1.16785049278259,1.21399568735788,1.24531872105149,1.16571065363394,1.12712293854326,1.12758564943813
Price level ratio of PPP conversion factor (GDP) to market exchange rate,PA.NUS.PPPC.RF,Central African Republic,CAF,0.586368738664722,0.476442611699605,0.468728775669819,0.489159057051831,0.502577856625797,0.456142130084464,0.434102399677371,0.436189893858498,0.383574112508187,0.393688911920703
Price level ratio of PPP conversion factor (GDP) to market exchange rate,PA.NUS.PPPC.RF,Chad,TCD,0.599474572867923,0.418080326503036,0.406507637686746,0.40744035534541,0.425824106083467,0.379875896050679,0.396592701412474,0.388636644044548,0.371354381830807,0.365161781532963
Price level ratio of PPP conversion factor (GDP) to market exchange rate,PA.NUS.PPPC.RF,Channel Islands,CHI,..,..,..,..,..,..,..,..,..,..
Price level ratio of PPP conversion factor (GDP) to market exchange rate,PA.NUS.PPPC.RF,Chile,CHL,0.644228251712986,0.598182921181385,0.586926232660477,0.612462299819343,0.618827305229381,0.565978985887342,0.517332100591073,0.556641559837699,0.499315358656888,0.518882180149049
Price level ratio of PPP conversion factor (GDP) to market exchange rate,PA.NUS.PPPC.RF,China,CHN,0.601244675363256,0.607229484631717,0.583084124337483,0.597750978388835,0.618820525117349,0.587635085934986,0.581769612527374,0.618301183741458,0.562540525911576,0.513407735122737
Price level ratio of PPP conversion factor (GDP) to market exchange rate,PA.NUS.PPPC.RF,Colombia,COL,0.6130277856749,0.468683535189719,0.42488846430167,0.449948336904551,0.447325089528502,0.399994381863935,0.344069514831713,0.358609369237751,0.323329990128244,0.336014857528569
Price level ratio of PPP conversion factor (GDP) to market exchange rate,PA.NUS.PPPC.RF,Comoros,COM,0.550010442392823,0.450714514753507,0.434998912163138,0.42537514379325,0.46623959218814,0.458611142202603,0.468227945308012,0.460339178752072,0.401492124503043,0.409544316089565
Price level ratio of PPP conversion factor (GDP) to market exchange rate,PA.NUS.PPPC.RF,"Congo, Dem. Rep.",COD,0.569234970746916,0.544629145128129,0.483951837216389,0.435167041137428,0.4940288910084,0.477198940745476,0.446758344445199,0.424806895585243,0.432956773147936,0.388365717334203
Price level ratio of PPP conversion factor (GDP) to market exchange rate,PA.NUS.PPPC.RF,"Congo, Rep.",COG,0.628139027339094,0.517345155121987,0.521185683032178,0.497595664726434,0.481734456850035,0.435069719183753,0.417858207274586,0.40173679367009,0.394259390368994,0.361734014549799
Price level ratio of PPP conversion factor (GDP) to market exchange rate,PA.NUS.PPPC.RF,Costa Rica,CRI,0.66558647334687,0.668451737840872,0.629683914509524,0.60085289310243,0.585646517666533,0.552052346825953,0.560820069240624,0.53800696640858,0.525350734024739,0.602670540074737
Price level ratio of PPP conversion factor (GDP) to market exchange rate,PA.NUS.PPPC.RF,Cote d'Ivoire,CIV,0.48877284591529,0.412094841660212,0.411110235455299,0.418811246734974,0.4308588105969,0.388255389424653,0.393179644042115,0.40626932513803,0.344174785387242,0.351619277340583
Price level ratio of PPP conversion factor (GDP) to market exchange rate,PA.NUS.PPPC.RF,Croatia,HRV,0.624794392557302,0.517080238176849,0.496854210895487,0.498488601348856,0.518992122852066,0.470714067658372,0.468681149677099,0.482122447075604,0.44046255615115,0.480717608616434
Price level ratio of PPP conversion factor (GDP) to market exchange rate,PA.NUS.PPPC.RF,Cuba,CUB,..,..,..,..,..,..,..,..,..,..
Price level ratio of PPP conversion factor (GDP) to market exchange rate,PA.NUS.PPPC.RF,Curacao,CUW,0.805948046194497,0.805478659860385,0.801032700898201,0.778654767148324,0.776472904162698,0.756809431747352,0.750382119716877,0.714516506514737,0.700298819722553,0.692222008091212
Price level ratio of PPP conversion factor (GDP) to market exchange rate,PA.NUS.PPPC.RF,Cyprus,CYP,0.9029970286041,0.735565802675868,0.688856993003246,0.694960675091066,0.723264706340456,0.658360738580594,0.660814692578775,0.692122355316862,0.60635124396663,0.640512798477703
Price level ratio of PPP conversion factor (GDP) to market exchange rate,PA.NUS.PPPC.RF,Czechia,CZE,0.611981693363844,0.525819767264597,0.514582073725019,0.531519884783756,0.569331589705436,0.527529047520413,0.523487123146024,0.579995633087053,0.547400779209659,0.595162780570395
Price level ratio of PPP conversion factor (GDP) to market exchange rate,PA.NUS.PPPC.RF,Denmark,DNK,1.30578485989523,1.08553777320855,1.0517160299124,1.04070723475787,1.07148146682844,0.980349851709548,0.97293013084381,1.00108760847948,0.880468808621474,0.930751497631501
Price level ratio of PPP conversion factor (GDP) to market exchange rate,PA.NUS.PPPC.RF,Djibouti,DJI,0.556668642682443,0.557257558076253,0.566488250982163,0.559999086868098,0.534728340738213,0.525596300505119,0.51472537598214,0.507694026111987,0.495797726891435,0.500421420881422
Price level ratio of PPP conversion factor (GDP) to market exchange rate,PA.NUS.PPPC.RF,Dominica,DMA,0.672974578119607,0.6849237229017,0.679996887566715,0.647804207272,0.611504404633133,0.592434317977341,0.549556237679941,0.52985120702673,0.512211945284767,0.508591918384793
Price level ratio of PPP conversion factor (GDP) to market exchange rate,PA.NUS.PPPC.RF,Dominican Republic,DOM,0.482476921967049,0.459396672893722,0.439771434198502,0.440022826124337,0.438069078237807,0.413978570719936,0.375571504611104,0.386654786936087,0.41466677265151,0.41826504775827
Price level ratio of PPP conversion factor (GDP) to market exchange rate,PA.NUS.PPPC.RF,Ecuador,ECU,0.541231103859059,0.549392960000155,0.543826095333172,0.528539717197418,0.517270743846893,0.494702249765396,0.473994910717011,0.448739469051361,0.428073101494077,0.411517703096167
Price level ratio of PPP conversion factor (GDP) to market exchange rate,PA.NUS.PPPC.RF,"Egypt, Arab Rep.",EGY,0.30550483539202,0.303299957415749,0.306650168011692,0.215295313493065,0.201529227553557,0.22171866106281,0.230511084096698,0.245673676217871,0.241533390357235,0.186641811445141
Price level ratio of PPP conversion factor (GDP) to market exchange rate,PA.NUS.PPPC.RF,El Salvador,SLV,0.488559921983099,0.477749754158758,0.461390403903444,0.448413670063019,0.45454740524292,0.442782253026962,0.425564259290695,0.429484784603119,0.42953995674734,0.425934641179098
Price level ratio of PPP conversion factor (GDP) to market exchange rate,PA.NUS.PPPC.RF,Equatorial Guinea,GNQ,0.572120066256365,0.465580842718625,0.44765361286342,0.423607362255177,0.440037685247472,0.413591795160365,0.421438065609436,0.412903242977651,0.418373986469427,0.383527745771086
Price level ratio of PPP conversion factor (GDP) to market exchange rate,PA.NUS.PPPC.RF,Eritrea,ERI,0.392115642963171,0.37539408882812,0.374004104736397,0.357723900334752,0.329077372859861,0.311171785275703,0.332622759370775,0.327593959979157,..,..
Price level ratio of PPP conversion factor (GDP) to market exchange rate,PA.NUS.PPPC.RF,Estonia,EST,0.699973778247056,0.596292169885937,0.584277701209729,0.60427549874353,0.636247508838431,0.591854978588234,0.588461719722959,0.63227286318216,0.595687500570041,0.64567739834511
Price level ratio of PPP conversion factor (GDP) to market exchange rate,PA.NUS.PPPC.RF,Eswatini,SWZ,0.450775520389695,0.407555024662788,0.381674902287053,0.448853677627747,0.465440584094676,0.423119539637914,0.371578540532462,0.398781667048552,0.369168874298134,0.321081450280551
Price level ratio of PPP conversion factor (GDP) to market exchange rate,PA.NUS.PPPC.RF,Ethiopia,ETH,0.370453269721298,0.380888612781522,0.374792756729772,0.371933329745446,0.356971187289076,0.369556053201887,0.376149722521061,0.351932960899766,0.355397678855277,0.415946050604134
Price level ratio of PPP conversion factor (GDP) to market exchange rate,PA.NUS.PPPC.RF,Faroe Islands,FRO,1.13108754370522,0.980493822168686,1.04707393757206,1.05266429596105,1.06097350142839,1.01357758709552,1.00960796677865,1.01444451583966,0.889966081026363,0.918239508647193
Price level ratio of PPP conversion factor (GDP) to market exchange rate,PA.NUS.PPPC.RF,Fiji,FJI,0.49415071598608,0.434433505419563,0.447558246230623,0.454527811950739,0.46011317504879,0.450148625765533,0.431179550413169,0.439502521788072,0.395328914561943,0.388640654169955
Price level ratio of PPP conversion factor (GDP) to market exchange rate,PA.NUS.PPPC.RF,Finland,FIN,1.20522919653725,1.00688738629375,0.975065417585605,0.975657055827061,1.00823518892706,0.925053132737253,0.916169205341637,0.935846818569752,0.822906964365762,0.85953395128825
Price level ratio of PPP conversion factor (GDP) to market exchange rate,PA.NUS.PPPC.RF,France,FRA,1.07285073588431,0.897016762786718,0.863433131752531,0.86997764113059,0.892997647860391,0.790297508094116,0.791601297699613,0.833337533155025,0.731873015696501,0.768319211145112
Price level ratio of PPP conversion factor (GDP) to market exchange rate,PA.NUS.PPPC.RF,French Polynesia,PYF,..,..,..,..,..,..,..,..,..,..
Price level ratio of PPP conversion factor (GDP) to market exchange rate,PA.NUS.PPPC.RF,Gabon,GAB,0.619467242412336,0.492584421002514,0.477010738055423,0.467791271982921,0.494054967117945,0.466542183546806,0.456292309486046,0.44167537961127,0.420616901953073,0.375912192913397
Price level ratio of PPP conversion factor (GDP) to market exchange rate,PA.NUS.PPPC.RF,"Gambia, The",GMB,0.293739239321604,0.311275337252996,0.322981118526031,0.31512361104347,0.305702492630925,0.304818799220576,0.284626980531295,0.281478865301837,0.272631317276244,0.272911856548253
Price level ratio of PPP conversion factor (GDP) to market exchange rate,PA.NUS.PPPC.RF,Georgia,GEO,0.410369417139606,0.333067478122041,0.317130346008691,0.322091411763254,0.319803271403701,0.28272185825598,0.256136647718882,0.268751327125942,0.29961920366569,0.33039567124068
Price level ratio of PPP conversion factor (GDP) to market exchange rate,PA.NUS.PPPC.RF,Germany,DEU,1.02153340758784,0.863104501284765,0.83306413794864,0.841367335655296,0.868530632326274,0.803497232039214,0.807345328865372,0.836593617228669,0.73573033285798,0.787273850184328
Price level ratio of PPP conversion factor (GDP) to market exchange rate,PA.NUS.PPPC.RF,Ghana,GHA,0.354105214671407,0.331646456858642,0.381791349127233,0.389283593035357,0.396751326272151,0.3642100571249,0.363227802078087,0.370109681041525,0.310759888412943,0.299652578284572
Price level ratio of PPP conversion factor (GDP) to market exchange rate,PA.NUS.PPPC.RF,Gibraltar,GIB,..,..,..,..,..,..,..,..,..,..
Price level ratio of PPP conversion factor (GDP) to market exchange rate,PA.NUS.PPPC.RF,Greece,GRC,0.811893326821566,0.675590165691797,0.651501034155644,0.649612993398825,0.667070421544313,0.605604364517646,0.605650628966539,0.61654123431782,0.538618582675099,0.56969989570001
Price level ratio of PPP conversion factor (GDP) to market exchange rate,PA.NUS.PPPC.RF,Greenland,GRL,0.892673729287119,0.797918769027131,0.817906942285483,0.845953446378201,0.882509884261125,0.829533747579015,0.843279006219507,0.838878914645498,..,..
Price level ratio of PPP conversion factor (GDP) to market exchange rate,PA.NUS.PPPC.RF,Grenada,GRD,0.65308398305207,0.657927565498237,0.659719615406052,0.648303517588863,0.631180604298911,0.636186334821915,0.624502455746685,0.628981766877352,0.596663353764115,0.597957154573981
Price level ratio of PPP conversion factor (GDP) to market exchange rate,PA.NUS.PPPC.RF,Guam,GUM,..,..,..,..,..,..,..,..,..,..
Price level ratio of PPP conversion factor (GDP) to market exchange rate,PA.NUS.PPPC.RF,Guatemala,GTM,0.447893371593219,0.43580749885333,0.441250824146165,0.452397200551097,0.437622635321378,0.419491324962401,0.409013067809074,0.415438791843126,0.411544103058601,0.419105533306208
Price level ratio of PPP conversion factor (GDP) to market exchange rate,PA.NUS.PPPC.RF,Guinea,GIN,0.408467450087223,0.387295620534953,0.315695581472667,0.310222975635817,0.328101717879417,0.332066521804606,0.316238390171106,0.332984860934204,0.348712483468125,0.351582705785799
Price level ratio of PPP conversion factor (GDP) to market exchange rate,PA.NUS.PPPC.RF,Guinea-Bissau,GNB,0.447845907729364,0.372883375466123,0.372547362971439,0.376173669127875,0.392878290015593,0.360971708163362,0.361961830855443,0.367366738527641,0.317706679074938,0.332361661699485
Price level ratio of PPP conversion factor (GDP) to market exchange rate,PA.NUS.PPPC.RF,Guyana,GUY,0.491042970427432,0.494405794716131,0.509785047453554,0.504660026790446,0.48610670955517,0.483788103794307,0.402850290568327,0.431247336115482,0.451096823339096,0.379399541413108
Price level ratio of PPP conversion factor (GDP) to market exchange rate,PA.NUS.PPPC.RF,Haiti,HTI,0.474744200587056,0.466359542391399,0.4052294804535,0.417812814249696,0.468061533655097,0.417727067161658,0.415807368873778,0.585477871520706,0.539253351689395,0.519862443449168
Price level ratio of PPP conversion factor (GDP) to market exchange rate,PA.NUS.PPPC.RF,Honduras,HND,0.488756424059785,0.468714852976588,0.44490434924999,0.429310791788593,0.43750661210056,0.432559614837241,0.42855046023596,0.440940832877959,0.441303769030091,0.450166317589306
Price level ratio of PPP conversion factor (GDP) to market exchange rate,PA.NUS.PPPC.RF,"Hong Kong SAR, China",HKG,0.739529085208188,0.757135229156679,0.77049076611347,0.778935512759471,0.797000779647521,0.789903297871233,0.792425326576168,0.755416427954355,0.711726411197965,0.70625394936094
Price level ratio of PPP conversion factor (GDP) to market exchange rate,PA.NUS.PPPC.RF,Hungary,HUN,0.556380252362765,0.47440936518307,0.468997704157146,0.495699703631727,0.514753684457246,0.477524048716714,0.460519383326659,0.489822616000814,0.420318723370945,0.493082955634332
Price level ratio of PPP conversion factor (GDP) to market exchange rate,PA.NUS.PPPC.RF,Iceland,ISL,1.18652916269395,1.07594173478264,1.15907752398291,1.2942505514893,1.30166249776802,1.13099666459083,1.05783170421179,1.1238545630704,1.02394184169787,1.04566040134041
Price level ratio of PPP conversion factor (GDP) to market exchange rate,PA.NUS.PPPC.RF,India,IND,0.299307825170907,0.29197929041094,0.294373653460861,0.317362807264485,0.292816737262415,0.28547759283038,0.273753533882705,0.278212257889917,0.257007269939911,0.244022495530021
Price level ratio of PPP conversion factor (GDP) to market exchange rate,PA.NUS.PPPC.RF,Indonesia,IDN,0.341895526402862,0.32791926862302,0.343136348835827,0.355446378630854,0.339511126513909,0.342632026781229,0.328551638064185,0.336062401414542,0.331169683352211,0.316323237137886
Price level ratio of PPP conversion factor (GDP) to market exchange rate,PA.NUS.PPPC.RF,"Iran, Islamic Rep.",IRN,0.368122287183127,0.36178368909525,0.375826262285355,0.381752935110627,0.312124093998296,0.287021351208173,0.211815281678233,0.289915941994253,0.268204560299845,0.252869170407158
Price level ratio of PPP conversion factor (GDP) to market exchange rate,PA.NUS.PPPC.RF,Iraq,IRQ,0.474580476822312,0.475671759838856,0.477404599928611,0.46697827931997,0.469212324214622,0.46306195718988,0.406205569569271,0.382389926252694,0.453294110440343,0.394485639654934
Price level ratio of PPP conversion factor (GDP) to market exchange rate,PA.NUS.PPPC.RF,Ireland,IRL,1.08809661088509,0.898116290061328,0.879200966594944,0.897424374994119,0.935568696029803,0.889022845639214,0.885711403900391,0.890099606116265,0.773840163071987,0.833916534966681
Price level ratio of PPP conversion factor (GDP) to market exchange rate,PA.NUS.PPPC.RF,Isle of Man,IMN,..,..,..,..,..,..,..,..,..,..
Price level ratio of PPP conversion factor (GDP) to market exchange rate,PA.NUS.PPPC.RF,Israel,ISR,1.10130508604848,1.00959409973843,0.986445836985861,1.04224895263826,1.05406008376426,1.07079105554597,1.08839606981157,1.13191563951961,1.02545101556234,0.972549378283389
Price level ratio of PPP conversion factor (GDP) to market exchange rate,PA.NUS.PPPC.RF,Italy,ITA,0.982617634112938,0.819369722162109,0.775434334281714,0.779361395241178,0.804488650214117,0.724633611247058,0.722201462119846,0.740303180364329,0.634409152042804,0.676530317360796
Price level ratio of PPP conversion factor (GDP) to market exchange rate,PA.NUS.PPPC.RF,Jamaica,JAM,0.569703399835671,0.563446926780311,0.532998939023127,0.535560313895715,0.555849322246623,0.55607954450699,0.542692948446397,0.539338962546924,0.558116683392419,0.598833183077619
Price level ratio of PPP conversion factor (GDP) to market exchange rate,PA.NUS.PPPC.RF,Japan,JPN,0.972696106350949,0.854645559046909,0.969911657420431,0.937019852749371,0.943267859353054,0.946994086688442,0.94350215065595,0.903284139812588,0.718174003687811,0.676884692039588
Price level ratio of PPP conversion factor (GDP) to market exchange rate,PA.NUS.PPPC.RF,Jordan,JOR,0.458319093574718,0.450844288189751,0.455735264303544,0.438790086289527,0.458444759879314,0.442261343270961,0.419872201664347,0.455595070207623,0.436400664312378,0.428784483481724
Price level ratio of PPP conversion factor (GDP) to market exchange rate,PA.NUS.PPPC.RF,Kazakhstan,KAZ,0.51872655894232,0.45347611831156,0.324698717092615,0.373047248965348,0.377448068960849,0.329639819671096,0.30239536891224,0.303030595939351,0.313562148170821,0.335422680790927
Price level ratio of PPP conversion factor (GDP) to market exchange rate,PA.NUS.PPPC.RF,Kenya,KEN,0.441381245453923,0.404836205519748,0.396799522692837,0.3991823563193,0.416281841764273,0.418231293160063,0.402219126664965,0.386104738133398,0.358572651576355,0.309534265796264
Price level ratio of PPP conversion factor (GDP) to market exchange rate,PA.NUS.PPPC.RF,Kiribati,KIR,0.833299776919686,0.709707879602047,0.707587132466617,0.723264730856186,0.715908845258443,0.633744972654976,0.646761693265209,0.739086527023055,0.621521959454749,0.593969156376539
Price level ratio of PPP conversion factor (GDP) to market exchange rate,PA.NUS.PPPC.RF,"Korea, Dem. People's Rep.",PRK,..,..,..,..,..,..,..,..,..,..
Price level ratio of PPP conversion factor (GDP) to market exchange rate,PA.NUS.PPPC.RF,"Korea, Rep.",KOR,0.828120232893887,0.758093752832236,0.739863656589283,0.771550975914429,0.777040460266217,0.727285686152103,0.702688459667306,0.731515192468353,0.637790913900744,0.640481438350263
Price level ratio of PPP conversion factor (GDP) to market exchange rate,PA.NUS.PPPC.RF,Kosovo,XKX,0.475886411722446,0.403977161340241,0.410552645957572,0.427389788477371,0.437598620803754,0.406590142786848,0.409293939420157,0.426326659250056,0.379255009466114,0.393637241598198
Price level ratio of PPP conversion factor (GDP) to market exchange rate,PA.NUS.PPPC.RF,Kuwait,KWT,0.649268209063711,0.660127885152118,0.65270592784181,0.623801364838948,0.624245773615421,0.625364843507284,0.608659588060078,0.671615390908667,0.733757075452431,0.654168083526871
Price level ratio of PPP conversion factor (GDP) to market exchange rate,PA.NUS.PPPC.RF,Kyrgyz Republic,KGZ,0.299070086381317,0.26620555238799,0.239646501981604,0.246560377238454,0.268634564805871,0.26808790775869,0.237424534813813,0.23533553344054,0.264495167253363,0.277233555914395
Price level ratio of PPP conversion factor (GDP) to market exchange rate,PA.NUS.PPPC.RF,Lao PDR,LAO,0.341646566686448,0.348503111265059,0.341571698108904,0.340585610520564,0.339943047306595,0.334398496090827,0.326507149901929,0.312613229822277,0.233436178927734,0.222449077241334
Price level ratio of PPP conversion factor (GDP) to market exchange rate,PA.NUS.PPPC.RF,Latvia,LVA,0.661008850243135,0.551911654260937,0.536332192877044,0.547370068841177,0.578586223942745,0.53712610875294,0.536452962098056,0.549419538980611,0.506602744929963,0.543753773715696
Price level ratio of PPP conversion factor (GDP) to market exchange rate,PA.NUS.PPPC.RF,Lebanon,LBN,0.469498433338093,0.452549338894768,0.427072865493014,0.41062214893908,0.41729965083437,0.410211393731902,0.342022910293942,0.348745879413016,0.297275343872875,..
Price level ratio of PPP conversion factor (GDP) to market exchange rate,PA.NUS.PPPC.RF,Lesotho,LSO,0.423469525844344,0.36946588501577,0.337331951927128,0.408339429339011,0.444729378859293,0.421305818528064,0.35894782480878,0.419126763611117,0.373009601120453,0.318047099728961
Price level ratio of PPP conversion factor (GDP) to market exchange rate,PA.NUS.PPPC.RF,Liberia,LBR,0.498116480600281,0.516691387802859,0.479498014061403,0.419995359707114,0.384615516378917,0.346489368061895,0.371666181394606,0.433967147111521,0.440192224697315,0.430132500390395
Price level ratio of PPP conversion factor (GDP) to market exchange rate,PA.NUS.PPPC.RF,Libya,LBY,0.509803604445224,0.41659958125912,0.443711758412065,0.552858203857779,0.593060998445589,0.615235786005367,0.60707075304389,0.390446075093171,0.487795741325431,0.445729210972182
Price level ratio of PPP conversion factor (GDP) to market exchange rate,PA.NUS.PPPC.RF,Liechtenstein,LIE,..,..,..,..,..,..,..,..,..,..
Price level ratio of PPP conversion factor (GDP) to market exchange rate,PA.NUS.PPPC.RF,Lithuania,LTU,0.587241541890248,0.494552056841406,0.485309493890663,0.500130191084707,0.527437903168627,0.48340588545098,0.495087187816344,0.520823243763557,0.497182171813231,0.547148957205892
Price level ratio of PPP conversion factor (GDP) to market exchange rate,PA.NUS.PPPC.RF,Luxembourg,LUX,1.17457802644156,0.97750859446289,0.942964120410119,0.958319838811766,1.00247213091922,0.928524623192155,0.957345375069263,0.987682778139519,0.863594657645918,0.925037204739232
Price level ratio of PPP conversion factor (GDP) to market exchange rate,PA.NUS.PPPC.RF,"Macao SAR, China",MAC,0.608561847879255,0.643337405440239,0.640126722981476,0.642277055094874,0.645678817877423,0.649709924634082,0.646202868217728,0.611723794398522,0.5733680536526,0.579242074703478
Price level ratio of PPP conversion factor (GDP) to market exchange rate,PA.NUS.PPPC.RF,Madagascar,MDG,0.337384244089741,0.297552172217487,0.29072366918668,0.317973496784904,0.323586316967738,0.310004057689831,0.302465691243689,0.306491387389061,0.286051931803876,0.277527447801312
Price level ratio of PPP conversion factor (GDP) to market exchange rate,PA.NUS.PPPC.RF,Malawi,MWI,0.351707133177951,0.384585075660198,0.31951738766152,0.359192842103675,0.3909703338066,0.400610881137629,0.398099397927886,0.365874537247978,0.339800805852618,0.329238091398749
Price level ratio of PPP conversion factor (GDP) to market exchange rate,PA.NUS.PPPC.RF,Malaysia,MYS,0.453101068124332,0.393399848624484,0.374776597737372,0.373360800132331,0.392241910863776,0.377418221673562,0.362424818823571,0.365595908547521,0.341849904687723,0.312470268788833
Price level ratio of PPP conversion factor (GDP) to market exchange rate,PA.NUS.PPPC.RF,Maldives,MDV,0.532079351950762,0.539572204977239,0.529998360911211,0.531651539205901,0.521624727591601,0.508738785167381,0.550740133121513,0.534107254140886,0.515111243673268,0.506582657410202
Price level ratio of PPP conversion factor (GDP) to market exchange rate,PA.NUS.PPPC.RF,Mali,MLI,0.433852892225726,0.359670597087687,0.344603394667281,0.354493774301012,0.371172376502828,0.344679278964239,0.349980765709755,0.367378295492288,0.322331013324288,0.327074533440619
Price level ratio of PPP conversion factor (GDP) to market exchange rate,PA.NUS.PPPC.RF,Malta,MLT,0.778979149543264,0.665197451836811,0.645343995073805,0.662470633648512,0.692888480726547,0.630866462042468,0.636825341487166,0.670708856944022,0.599354868213352,0.6386094954973
Price level ratio of PPP conversion factor (GDP) to market exchange rate,PA.NUS.PPPC.RF,Marshall Islands,MHL,0.950117740202125,0.912532536355369,0.968749495745536,0.973199812861228,0.928503481745359,0.875481425668811,0.922599714370978,0.933302762874254,0.862325378855707,0.886641984792284
Price level ratio of PPP conversion factor (GDP) to market exchange rate,PA.NUS.PPPC.RF,Mauritania,MRT,0.44319416792187,0.390925281552785,0.334372240138291,0.301697006293683,0.317344187052947,0.314978791048058,0.312810669314535,0.333721789119602,0.302298291146352,0.305321622736466
Price level ratio of PPP conversion factor (GDP) to market exchange rate,PA.NUS.PPPC.RF,Mauritius,MUS,0.543696328011914,0.475124330338007,0.459876111266558,0.479811239383099,0.50473985479095,0.474599256777015,0.422533436625594,0.398854047693561,0.384929876379053,0.393512746773835
Price level ratio of PPP conversion factor (GDP) to market exchange rate,PA.NUS.PPPC.RF,Mexico,MEX,0.605254712261472,0.525350500467969,0.452529830329503,0.470955749544409,0.482030666468098,0.494629751303921,0.456815836908129,0.496426472868936,0.487792779476682,0.556799063806242
Price level ratio of PPP conversion factor (GDP) to market exchange rate,PA.NUS.PPPC.RF,"Micronesia, Fed. Sts.",FSM,0.926551735053656,0.869832031159148,0.880549625532499,0.947756064196795,1.0116987931262,0.961120671734172,0.913464697987341,0.890901901197648,0.924097247865881,0.946806210921461
Price level ratio of PPP conversion factor (GDP) to market exchange rate,PA.NUS.PPPC.RF,Moldova,MDA,0.380647125374756,0.29894166688972,0.275724571822394,0.306899433863997,0.350217503860936,0.3284321810815,0.323474247034134,0.33634626751924,0.350303232468771,0.382420722394953
Price level ratio of PPP conversion factor (GDP) to market exchange rate,PA.NUS.PPPC.RF,Monaco,MCO,..,..,..,..,..,..,..,..,..,..
Price level ratio of PPP conversion factor (GDP) to market exchange rate,PA.NUS.PPPC.RF,Mongolia,MNG,0.378546100517362,0.367069243565778,0.344379062890734,0.328582799656299,0.333480718107143,0.319555518703954,0.292207652801595,0.305404215226533,0.304445682165538,0.324280995943288
Price level ratio of PPP conversion factor (GDP) to market exchange rate,PA.NUS.PPPC.RF,Montenegro,MNE,0.480632365346609,0.398917487033046,0.386466686075577,0.396466033402992,0.411389898356191,0.369071953463799,0.365508064052137,0.393650400858183,0.362306478117132,0.395688725448527
Price level ratio of PPP conversion factor (GDP) to market exchange rate,PA.NUS.PPPC.RF,Morocco,MAR,0.474682232673407,0.403412049988555,0.399947151159,0.406220276288406,0.448872430981485,0.435992761322428,0.42415240596699,0.439037408071231,0.372191276285197,0.383164569062898
Price level ratio of PPP conversion factor (GDP) to market exchange rate,PA.NUS.PPPC.RF,Mozambique,MOZ,0.597980595196208,0.463289626862962,0.320127159586863,0.367132089578615,0.390398576296271,0.37377134643931,0.32759081388081,0.34991452048044,0.365532277170746,0.371337346496889
Price level ratio of PPP conversion factor (GDP) to market exchange rate,PA.NUS.PPPC.RF,Myanmar,MMR,0.295449197981903,0.261676167887856,0.27563317883705,0.270443147999418,0.232601448337407,0.233716192875497,0.259574867136886,0.239979534497219,0.202034647765895,0.207143060503342
Price level ratio of PPP conversion factor (GDP) to market exchange rate,PA.NUS.PPPC.RF,Namibia,NAM,0.518877269500259,0.456158584780022,0.430943896858556,0.520225755705147,0.538740685924879,0.492421889179044,0.414639230273004,0.454505143063639,0.408064556818927,0.371652427651871
Price level ratio of PPP conversion factor (GDP) to market exchange rate,PA.NUS.PPPC.RF,Nauru,NRU,0.932532788071097,0.768776556679227,0.841189243130099,0.983967638957192,1.17127236702861,1.01290686431465,0.977520389057014,1.22899900383676,0.994838892127525,0.938616085199114
Price level ratio of PPP conversion factor (GDP) to market exchange rate,PA.NUS.PPPC.RF,Nepal,NPL,0.283143501607484,0.29606126536422,0.29476464004995,0.286925785559315,0.298069082212854,0.282383262077447,0.272504979476043,0.275558176768439,0.27158784065746,0.255417661104203
Price level ratio of PPP conversion factor (GDP) to market exchange rate,PA.NUS.PPPC.RF,Netherlands,NLD,1.07448877735137,0.89844026782539,0.880483867302726,0.883580132176472,0.917302872626666,0.859005256133332,0.854166231763427,0.877835771841071,0.766964808513622,0.826755292847073
Price level ratio of PPP conversion factor (GDP) to market exchange rate,PA.NUS.PPPC.RF,New Caledonia,NCL,..,..,..,..,..,..,..,..,..,..
Price level ratio of PPP conversion factor (GDP) to market exchange rate,PA.NUS.PPPC.RF,New Zealand,NZL,1.19519674805741,1.02893565090047,1.00312072536155,1.01673335741227,1.01716071521239,0.946494935353702,0.922758218182428,1.03489673221106,0.908528494890683,0.902769533089065
Price level ratio of PPP conversion factor (GDP) to market exchange rate,PA.NUS.PPPC.RF,Nicaragua,NIC,0.386438131931793,0.380711548669573,0.362385960660153,0.350601143345668,0.342899449031211,0.327467795148527,0.308960443608074,0.300370146402544,0.299011207861422,0.314449846777416
Price level ratio of PPP conversion factor (GDP) to market exchange rate,PA.NUS.PPPC.RF,Niger,NER,0.486780032093915,0.414320062055695,0.422955261185089,0.431904825266283,0.453424490725171,0.395789141442329,0.387158956336228,0.383906873713313,0.331388798131933,0.340087889021202
Price level ratio of PPP conversion factor (GDP) to market exchange rate,PA.NUS.PPPC.RF,Nigeria,NGA,0.588086927207602,0.498266989300236,0.412241208194415,0.375501260939952,0.404841565764175,0.422413788489496,0.377244703650501,0.367331562115858,0.35963578283464,0.257214206020041
Price level ratio of PPP conversion factor (GDP) to market exchange rate,PA.NUS.PPPC.RF,North Macedonia,MKD,0.409066972120104,0.349954890521737,0.340177254192832,0.347022289080057,0.363694567172195,0.332245726341198,0.333609564333466,0.344454867045499,0.316303228055595,0.354509253010939
Price level ratio of PPP conversion factor (GDP) to market exchange rate,PA.NUS.PPPC.RF,Northern Mariana Islands,MNP,..,..,..,..,..,..,..,..,..,..
Price level ratio of PPP conversion factor (GDP) to market exchange rate,PA.NUS.PPPC.RF,Norway,NOR,1.47238159217138,1.23135500671696,1.19546428571429,1.17870199476123,1.17848127881955,1.07740363636364,1.01831921408974,1.0468944121071,0.888032868163301,0.873420605869362
Price level ratio of PPP conversion factor (GDP) to market exchange rate,PA.NUS.PPPC.RF,Oman,OMN,0.52357214328638,0.521610208206239,0.513297527008232,0.530051510727763,0.526775735562427,0.514895886531576,0.477339999728458,0.501129422603256,0.547253563072858,0.506819999737215
Price level ratio of PPP conversion factor (GDP) to market exchange rate,PA.NUS.PPPC.RF,Pakistan,PAK,0.293674041165877,0.308122573810252,0.307660163379237,0.317198669654544,0.31516779118338,0.276011418585438,0.253247217969233,0.271146827863952,0.259839786750669,0.226164720209127
Price level ratio of PPP conversion factor (GDP) to market exchange rate,PA.NUS.PPPC.RF,Palau,PLW,0.844949848472615,0.887232280902495,0.944497541176491,0.918241558369922,0.90594076674159,0.869093155582405,0.838162240717645,0.846393351529402,0.867992323816325,0.906895733161873
Price level ratio of PPP conversion factor (GDP) to market exchange rate,PA.NUS.PPPC.RF,Panama,PAN,0.542055920926051,0.516884225192376,0.489893443799203,0.46803081035614,0.497522056102753,0.495729207992554,0.491933196783066,0.501403868198395,0.478200204773023,0.469468516383161
Price level ratio of PPP conversion factor (GDP) to market exchange rate,PA.NUS.PPPC.RF,Papua New Guinea,PNG,0.778150473865088,0.67704992977412,0.607545442570394,0.631571933262174,0.656374335095949,0.634453568116603,0.623044813818089,0.655680587160123,0.701804938671457,0.638397479947611
Price level ratio of PPP conversion factor (GDP) to market exchange rate,PA.NUS.PPPC.RF,Paraguay,PRY,0.52766056250523,0.46370465111703,0.433273323557321,0.440159994121327,0.442634464622514,0.411402626450973,0.374975027185494,0.38795709359863,0.379617632677836,0.358304695354066
Price level ratio of PPP conversion factor (GDP) to market exchange rate,PA.NUS.PPPC.RF,Peru,PER,0.578857982658363,0.537198568366098,0.515229127270388,0.534962183750095,0.533595904136432,0.518818054960747,0.488193680481487,0.446724889831707,0.442039718625478,0.465799004585178
Price level ratio of PPP conversion factor (GDP) to market exchange rate,PA.NUS.PPPC.RF,Philippines,PHL,0.428606614066911,0.422069259972349,0.404351896675064,0.390815537028307,0.379110741555755,0.381079218529993,0.391774086126012,0.39336967325284,0.350207087608757,0.346255408134119
Price level ratio of PPP conversion factor (GDP) to market exchange rate,PA.NUS.PPPC.RF,Poland,POL,0.560189720092489,0.46813715346863,0.43949739397667,0.461160433943034,0.484098328122046,0.442404558033534,0.435460639483081,0.454275208765472,0.410333594429265,0.474846403929309
Price level ratio of PPP conversion factor (GDP) to market exchange rate,PA.NUS.PPPC.RF,Portugal,PRT,0.769026592014115,0.648832043308593,0.63250214912685,0.650343897120001,0.674593101771764,0.616480059380391,0.620001180879379,0.639815198139525,0.553023234996111,0.578942579927461
Price level ratio of PPP conversion factor (GDP) to market exchange rate,PA.NUS.PPPC.RF,Puerto Rico,PRI,0.882221594454939,0.90466688850717,0.929672822662417,0.951732039451599,0.910205298541424,0.8788661493183,0.852639704445258,0.804228127002716,0.773476166413572,0.770766479679474
Price level ratio of PPP conversion factor (GDP) to market exchange rate,PA.NUS.PPPC.RF,Qatar,QAT,0.645873755011816,0.672725755324319,0.681090202041558,0.636885192368058,0.645624805282761,0.621765262478,0.629140715022665,0.614142810905374,0.721616526494343,0.622066220025692
Price level ratio of PPP conversion factor (GDP) to market exchange rate,PA.NUS.PPPC.RF,Romania,ROU,0.486200094350486,0.415018409363781,0.393409998362412,0.398167827932477,0.422564785270027,0.386222830331155,0.380452311014462,0.397544780203948,0.368822515772979,0.403083938644479
Price level ratio of PPP conversion factor (GDP) to market exchange rate,PA.NUS.PPPC.RF,Russian Federation,RUS,0.547156228533553,0.386667881022652,0.360778471309914,0.413490277917922,0.391632921312655,0.369711778474623,0.320992966310191,0.32157180682984,0.376790265170028,0.313168644289994
Price level ratio of PPP conversion factor (GDP) to market exchange rate,PA.NUS.PPPC.RF,Rwanda,RWA,0.432147740103983,0.412186999535832,0.390871831292412,0.385326736907583,0.363102919316012,0.346762698252448,0.340803498679025,0.303480656582729,0.315082348445707,0.297474300264727
Price level ratio of PPP conversion factor (GDP) to market exchange rate,PA.NUS.PPPC.RF,Samoa,WSM,0.728348123814852,0.718852575107321,0.675259161189774,0.685899100024211,0.669774201934276,0.655592250911343,0.635530800907989,0.635280724990086,0.61808589262655,0.618876123563735
Price level ratio of PPP conversion factor (GDP) to market exchange rate,PA.NUS.PPPC.RF,San Marino,SMR,0.96883854085539,0.825820667505907,0.836449618967162,0.861400730013265,0.880460714379196,0.811693394495909,0.804734604974226,0.836649512053064,0.714557622729169,..
Price level ratio of PPP conversion factor (GDP) to market exchange rate,PA.NUS.PPPC.RF,Sao Tome and Principe,STP,0.460721284140806,0.409303407964585,0.432249362611923,0.45275156557155,0.463228754037078,0.41570173599911,0.421266404836302,0.41212526631236,0.396066220543895,0.478202015404997
Price level ratio of PPP conversion factor (GDP) to market exchange rate,PA.NUS.PPPC.RF,Saudi Arabia,SAU,0.444332729629235,0.431221920412181,0.445915692036797,0.450472227732341,0.494461981455485,0.496418190002443,0.512197081247965,0.509180291493733,0.560770941049784,0.525244370140157
Price level ratio of PPP conversion factor (GDP) to market exchange rate,PA.NUS.PPPC.RF,Senegal,SEN,0.490184714956529,0.406777590097652,0.408380890882175,0.419497063057531,0.429722875857111,0.392324661915667,0.389320158152681,0.382901362755922,0.345483283510489,0.356143270119374
Price level ratio of PPP conversion factor (GDP) to market exchange rate,PA.NUS.PPPC.RF,Serbia,SRB,0.450222197101035,0.374284850094763,0.363550255228404,0.378817190424757,0.409325670858636,0.376719327055077,0.385412499270477,0.413959597673246,0.38225952405337,0.428313055931425
Price level ratio of PPP conversion factor (GDP) to market exchange rate,PA.NUS.PPPC.RF,Seychelles,SYC,0.60790385461066,0.602829452767211,0.575015317201341,0.56986358158428,0.574617877675952,0.559381558346221,0.452134873586261,0.499766426755395,0.561467560249153,0.546666363941531
Price level ratio of PPP conversion factor (GDP) to market exchange rate,PA.NUS.PPPC.RF,Sierra Leone,SLE,0.404685089877343,0.376780154435719,0.320470728086813,0.311493343836822,0.320364452038765,0.312017126074793,0.310869770287969,0.310732057912374,0.273647176497258,0.225050045131679
Price level ratio of PPP conversion factor (GDP) to market exchange rate,PA.NUS.PPPC.RF,Singapore,SGP,0.680795172161722,0.638458479335837,0.634087177622739,0.63958195567677,0.64331899801311,0.626115299629484,0.604916240559578,0.603662540365433,0.623117893702399,0.598602451259377
Price level ratio of PPP conversion factor (GDP) to market exchange rate,PA.NUS.PPPC.RF,Sint Maarten (Dutch part),SXM,0.853396850711609,0.848658279254257,0.831943937357061,0.780167592970352,0.761245482460749,0.762571103080022,0.775057776680207,0.803524888427564,0.776008211141335,0.764208583629827
Price level ratio of PPP conversion factor (GDP) to market exchange rate,PA.NUS.PPPC.RF,Slovak Republic,SVK,0.644870222715292,0.545233496172265,0.556987004962647,0.583404639008236,0.621183253111372,0.571007004792156,0.558636694926072,0.577697677054254,0.519577357200391,0.5628576278255
Price level ratio of PPP conversion factor (GDP) to market exchange rate,PA.NUS.PPPC.RF,Slovenia,SVN,0.785460146716076,0.660313282700781,0.638800427838912,0.644086593083531,0.670323951218823,0.609209072439215,0.607941874361091,0.636269342689912,0.555954922404671,0.605992677180403
Price level ratio of PPP conversion factor (GDP) to market exchange rate,PA.NUS.PPPC.RF,Solomon Islands,SLB,0.910642705767532,0.869016036454859,0.860167845949716,0.873486562273187,0.913483046310246,0.8852177133165,0.857825975055768,0.792905266160084,0.74345070593186,0.725947263958278
Price level ratio of PPP conversion factor (GDP) to market exchange rate,PA.NUS.PPPC.RF,Somalia,SOM,0.380796609959546,0.332180112525514,0.313876141857681,0.319974601268768,0.328384250402451,0.348746627569199,0.356303960084915,0.394347459077837,0.385488575672519,0.383841947595099
Price level ratio of PPP conversion factor (GDP) to market exchange rate,PA.NUS.PPPC.RF,South Africa,ZAF,0.513269053442099,0.456224154663758,0.418009514113489,0.48173852082155,0.518018261870157,0.488995882365732,0.440420317834481,0.499106767892002,0.44198242998661,0.396371172451298
Price level ratio of PPP conversion factor (GDP) to market exchange rate,PA.NUS.PPPC.RF,South Sudan,SSD,0.905284212498725,0.935283983924965,0.80288657542,0.435999504706504,..,..,..,0.666367243015678,..,..
Price level ratio of PPP conversion factor (GDP) to market exchange rate,PA.NUS.PPPC.RF,Spain,ESP,0.879944450997252,0.737340105619531,0.711344644048251,0.712646943683531,0.746124697385097,0.676309255082352,0.692484945953309,0.696636408116268,0.60029458836187,0.631146229260795
Price level ratio of PPP conversion factor (GDP) to market exchange rate,PA.NUS.PPPC.RF,Sri Lanka,LKA,0.338883664074845,0.33205810532142,0.317294938673492,0.323222385722564,0.307559444446525,0.28928702533224,0.297210638866225,0.279358750430895,0.235501943284769,0.264714294067529
Price level ratio of PPP conversion factor (GDP) to market exchange rate,PA.NUS.PPPC.RF,St. Kitts and Nevis,KNA,0.755707130749615,0.756351062726041,0.758028049935807,0.759500662485759,0.743674525508174,0.726415360415422,0.690148362406978,0.682656279316656,0.659019184644178,0.66885549198133
Price level ratio of PPP conversion factor (GDP) to market exchange rate,PA.NUS.PPPC.RF,St. Lucia,LCA,0.697407745772248,0.720046393309355,0.694996897088548,0.702568469224152,0.6678424499653,0.630364285575018,0.564041358453256,0.547565133483322,0.532694243500274,0.521851193130985
Price level ratio of PPP conversion factor (GDP) to market exchange rate,PA.NUS.PPPC.RF,St. Martin (French part),MAF,..,..,..,..,..,..,..,..,..,..
Price level ratio of PPP conversion factor (GDP) to market exchange rate,PA.NUS.PPPC.RF,St. Vincent and the Grenadines,VCT,0.590728004026244,0.594056788866707,0.567451980813411,0.588419172498915,0.573738106974848,0.569807511788826,0.544527724937156,0.5333826718507,0.514834228478907,0.5169947409607
Price level ratio of PPP conversion factor (GDP) to market exchange rate,PA.NUS.PPPC.RF,Sudan,SDN,0.299358498753566,0.306468209801972,0.231126135030539,0.22728359131586,0.174085232783887,0.181383337856324,0.172549410069243,0.219183550927073,0.311810129676832,0.796753951895894
Price level ratio of PPP conversion factor (GDP) to market exchange rate,PA.NUS.PPPC.RF,Suriname,SUR,0.548765911415694,0.532751683001408,0.389919614112394,0.34435515691397,0.373316331162956,0.335313550437487,0.280605528708111,0.272498881151228,0.303027456337952,0.259944748469788
Price level ratio of PPP conversion factor (GDP) to market exchange rate,PA.NUS.PPPC.RF,Sweden,SWE,1.27203097021696,1.04945762165637,1.03043618161273,1.03548849052306,1.01994389427997,0.90755953800606,0.915888486908492,0.97606551399069,0.833791723042016,0.828308331453423
Price level ratio of PPP conversion factor (GDP) to market exchange rate,PA.NUS.PPPC.RF,Switzerland,CHE,1.3990716965291,1.2837489299194,1.21977962024143,1.20619077037651,1.20552826683483,1.14091117204599,1.17671705381632,1.15738011973208,1.03446730185661,1.1147603200926
Price level ratio of PPP conversion factor (GDP) to market exchange rate,PA.NUS.PPPC.RF,Syrian Arab Republic,SYR,..,..,..,0.26079132412068,0.317737585087676,0.316814329320572,0.153132085277337,0.144488910531509,0.220362481068277,..
Price level ratio of PPP conversion factor (GDP) to market exchange rate,PA.NUS.PPPC.RF,Tajikistan,TJK,0.34315944167558,0.32160162846406,0.270675787142127,0.274927504785424,0.271834530578833,0.251742487323511,0.228330843393671,0.22497936388379,0.233083446244523,0.233865713807509
Price level ratio of PPP conversion factor (GDP) to market exchange rate,PA.NUS.PPPC.RF,Tanzania,TZA,0.46045280393552,0.405271426624357,0.391428427056403,0.399060361189517,0.37505542725242,0.356595337669593,0.339576941936916,0.332043803881312,0.317867583594922,0.304711846680429
Price level ratio of PPP conversion factor (GDP) to market exchange rate,PA.NUS.PPPC.RF,Thailand,THA,0.377551448345381,0.360255308641633,0.349918387322622,0.364933011745089,0.37612277092964,0.380982181718632,0.36452401183622,0.348628549688591,0.310948285133249,0.306073127384168
Price level ratio of PPP conversion factor (GDP) to market exchange rate,PA.NUS.PPPC.RF,Timor-Leste,TLS,0.428254989272727,0.424637953835626,0.393877192203333,0.365617901086807,0.34242276590442,0.342878394462742,0.265956834851583,0.393393218517303,0.409290029649477,0.312766289840095
Price level ratio of PPP conversion factor (GDP) to market exchange rate,PA.NUS.PPPC.RF,Togo,TGO,0.47449502589199,0.399566224286599,0.399695229185513,0.399272340230883,0.411752882755536,0.373077854373739,0.362183136394472,0.364586628132233,0.315125473741219,0.320916036992056
Price level ratio of PPP conversion factor (GDP) to market exchange rate,PA.NUS.PPPC.RF,Tonga,TON,0.775235271953584,0.753665270274415,0.67362838833936,0.700895820089228,0.724515598038481,0.720779471727937,0.702623045585952,0.698313005393941,0.667191025378032,..
Price level ratio of PPP conversion factor (GDP) to market exchange rate,PA.NUS.PPPC.RF,Trinidad and Tobago,TTO,0.684067283907876,0.666787062276184,0.618069934295067,0.616695066403052,0.612818707697301,0.587144465265805,0.571749044770182,0.58108055824039,0.65573653941835,0.5688259073217
Price level ratio of PPP conversion factor (GDP) to market exchange rate,PA.NUS.PPPC.RF,Tunisia,TUN,0.407328245568912,0.372356263706889,0.350001928222486,0.320586677113815,0.306391285288116,0.282427473462095,0.297754146977757,0.31395345451159,0.271816937943574,0.285510718551193
Price level ratio of PPP conversion factor (GDP) to market exchange rate,PA.NUS.PPPC.RF,Turkiye,TUR,0.504675715613408,0.427256306872514,0.410926001652244,0.379366651380309,0.338128602406195,0.323789849482333,0.301209156458382,0.311185653813926,0.273227279703859,0.310437201640571
Price level ratio of PPP conversion factor (GDP) to market exchange rate,PA.NUS.PPPC.RF,Turkmenistan,TKM,0.574209561050954,0.452975405604737,0.440190185088569,0.438944475991386,0.42628443016756,0.429522777202857,0.436858252695957,0.429058177130563,0.444727515266854,0.415183996292717
Price level ratio of PPP conversion factor (GDP) to market exchange rate,PA.NUS.PPPC.RF,Turks and Caicos Islands,TCA,1.06835783618016,1.07176271991537,1.05349065622913,0.997238159179688,1.01522052288055,1.01947629451752,1.05944132804871,1.09070706367493,1.12645144732658,1.22592700357511
Price level ratio of PPP conversion factor (GDP) to market exchange rate,PA.NUS.PPPC.RF,Tuvalu,TUV,1.03217629984879,0.889316421183947,0.944885868912158,0.985556697970482,1.00776236977402,0.981848980360151,0.971481482160823,1.10314059606584,1.04419534136862,1.03150306032372
Price level ratio of PPP conversion factor (GDP) to market exchange rate,PA.NUS.PPPC.RF,Uganda,UGA,0.419892665485738,0.394040391440332,0.347618070511889,0.354603063846479,0.34262369797829,0.336718956570482,0.334002034005827,0.328796239505827,0.329910473171454,0.323572171725295
Price level ratio of PPP conversion factor (GDP) to market exchange rate,PA.NUS.PPPC.RF,Ukraine,UKR,0.291117059292478,0.211097439625731,0.198668125959509,0.225751486738955,0.243655015388857,0.254606292050308,0.238708103859306,0.267613835467203,0.284336538847985,0.287559105362318
Price level ratio of PPP conversion factor (GDP) to market exchange rate,PA.NUS.PPPC.RF,United Arab Emirates,ARE,0.602727497747564,0.607010736701618,0.610414933757808,0.622260156661334,0.608620471577811,0.575554200465214,0.568818104680986,0.643313052785729,0.676343058561857,0.644336444389775
Price level ratio of PPP conversion factor (GDP) to market exchange rate,PA.NUS.PPPC.RF,United Kingdom,GBR,1.14926764980625,1.0577798217021,0.929747444593174,0.881079421947848,0.917463776398158,0.854769519194272,0.837751736695763,0.919926073848493,0.786670344150346,0.848822840366982
Price level ratio of PPP conversion factor (GDP) to market exchange rate,PA.NUS.PPPC.RF,United States,USA,1,1,1,1,1,1,1,1,1,1
Price level ratio of PPP conversion factor (GDP) to market exchange rate,PA.NUS.PPPC.RF,Uruguay,URY,0.837872043342137,0.772529291815578,0.744717526251636,0.812680676952156,0.789368894062536,0.710388729580352,0.612531678659704,0.607585387591084,0.625484613797647,0.662214959817846
Price level ratio of PPP conversion factor (GDP) to market exchange rate,PA.NUS.PPPC.RF,Uzbekistan,UZB,0.404698496677368,0.412259717606152,0.397927767392993,0.280199667059329,0.223045873919249,0.238923879859579,0.234068253125977,0.244226495249425,0.250537686822131,0.256551895063113
Price level ratio of PPP conversion factor (GDP) to market exchange rate,PA.NUS.PPPC.RF,Vanuatu,VUT,1.021247953347,0.954060822632822,0.964533553940761,1.00445013794408,0.991877708076767,0.967652647449868,0.976053349637468,0.990868937378342,0.976123991270899,1.01569016542824
Price level ratio of PPP conversion factor (GDP) to market exchange rate,PA.NUS.PPPC.RF,"Venezuela, RB",VEN,..,..,..,..,..,..,..,..,..,..
Price level ratio of PPP conversion factor (GDP) to market exchange rate,PA.NUS.PPPC.RF,Viet Nam,VNM,0.348968987534122,0.335989221109448,0.326593611852133,0.322376918638113,0.321910011342998,0.311978875555904,0.304414059269974,0.307429968389287,0.297166559530703,0.285970462204482
Price level ratio of PPP conversion factor (GDP) to market exchange rate,PA.NUS.PPPC.RF,Virgin Islands (U.S.),VIR,1.02115095651235,1.0440120565298,1.05540339695227,1.0434159040451,0.997733711650467,0.965312692933229,0.953011997636306,0.907823741436005,0.890102631117338,..
Price level ratio of PPP conversion factor (GDP) to market exchange rate,PA.NUS.PPPC.RF,West Bank and Gaza,PSE,0.622879739231319,0.567099536161527,0.58190009696282,0.592855823160836,0.573107484443397,0.561863300477572,0.542883355404701,0.649577372979557,0.61655066726719,0.571903530929209
Price level ratio of PPP conversion factor (GDP) to market exchange rate,PA.NUS.PPPC.RF,"Yemen, Rep.",YEM,..,..,..,..,..,..,..,..,..,..
Price level ratio of PPP conversion factor (GDP) to market exchange rate,PA.NUS.PPPC.RF,Zambia,ZMB,0.496172464031301,0.388281151654875,0.373967381696735,0.437390513078165,0.425271309960636,0.374542492318283,0.301410790418921,0.321766926776756,0.376783885294156,0.326399168361495
Price level ratio of PPP conversion factor (GDP) to market exchange rate,PA.NUS.PPPC.RF,Zimbabwe,ZWE,0.537396812129781,0.523839856261066,0.503224091150613,0.489412009716034,0.868974864482881,0.524378836154938,0.492911875247954,0.54144549369812,0.57318192571807,0.564353233744459
Price level ratio of PPP conversion factor (GDP) to market exchange rate,PA.NUS.PPPC.RF,Africa Eastern and Southern,AFE,..,..,..,..,..,..,..,..,..,..
Price level ratio of PPP conversion factor (GDP) to market exchange rate,PA.NUS.PPPC.RF,Africa Western and Central,AFW,..,..,..,..,..,..,..,..,..,..
Price level ratio of PPP conversion factor (GDP) to market exchange rate,PA.NUS.PPPC.RF,Arab World,ARB,..,..,..,..,..,..,..,..,..,..
Price level ratio of PPP conversion factor (GDP) to market exchange rate,PA.NUS.PPPC.RF,Caribbean small states,CSS,..,..,..,..,..,..,..,..,..,..
Price level ratio of PPP conversion factor (GDP) to market exchange rate,PA.NUS.PPPC.RF,Central Europe and the Baltics,CEB,..,..,..,..,..,..,..,..,..,..
Price level ratio of PPP conversion factor (GDP) to market exchange rate,PA.NUS.PPPC.RF,Early-demographic dividend,EAR,..,..,..,..,..,..,..,..,..,..
Price level ratio of PPP conversion factor (GDP) to market exchange rate,PA.NUS.PPPC.RF,East Asia & Pacific,EAS,..,..,..,..,..,..,..,..,..,..
Price level ratio of PPP conversion factor (GDP) to market exchange rate,PA.NUS.PPPC.RF,East Asia & Pacific (excluding high income),EAP,..,..,..,..,..,..,..,..,..,..
Price level ratio of PPP conversion factor (GDP) to market exchange rate,PA.NUS.PPPC.RF,East Asia & Pacific (IDA & IBRD countries),TEA,..,..,..,..,..,..,..,..,..,..
Price level ratio of PPP conversion factor (GDP) to market exchange rate,PA.NUS.PPPC.RF,Euro area,EMU,..,..,..,..,..,..,..,..,..,..
Price level ratio of PPP conversion factor (GDP) to market exchange rate,PA.NUS.PPPC.RF,Europe & Central Asia,ECS,..,..,..,..,..,..,..,..,..,..
Price level ratio of PPP conversion factor (GDP) to market exchange rate,PA.NUS.PPPC.RF,Europe & Central Asia (excluding high income),ECA,..,..,..,..,..,..,..,..,..,..
Price level ratio of PPP conversion factor (GDP) to market exchange rate,PA.NUS.PPPC.RF,Europe & Central Asia (IDA & IBRD countries),TEC,..,..,..,..,..,..,..,..,..,..
Price level ratio of PPP conversion factor (GDP) to market exchange rate,PA.NUS.PPPC.RF,European Union,EUU,..,..,..,..,..,..,..,..,..,..
Price level ratio of PPP conversion factor (GDP) to market exchange rate,PA.NUS.PPPC.RF,Fragile and conflict affected situations,FCS,..,..,..,..,..,..,..,..,..,..
Price level ratio of PPP conversion factor (GDP) to market exchange rate,PA.NUS.PPPC.RF,Heavily indebted poor countries (HIPC),HPC,..,..,..,..,..,..,..,..,..,..
Price level ratio of PPP conversion factor (GDP) to market exchange rate,PA.NUS.PPPC.RF,High income,HIC,..,..,..,..,..,..,..,..,..,..
Price level ratio of PPP conversion factor (GDP) to market exchange rate,PA.NUS.PPPC.RF,IBRD only,IBD,..,..,..,..,..,..,..,..,..,..
Price level ratio of PPP conversion factor (GDP) to market exchange rate,PA.NUS.PPPC.RF,IDA & IBRD total,IBT,..,..,..,..,..,..,..,..,..,..
Price level ratio of PPP conversion factor (GDP) to market exchange rate,PA.NUS.PPPC.RF,IDA blend,IDB,..,..,..,..,..,..,..,..,..,..
Price level ratio of PPP conversion factor (GDP) to market exchange rate,PA.NUS.PPPC.RF,IDA only,IDX,..,..,..,..,..,..,..,..,..,..
Price level ratio of PPP conversion factor (GDP) to market exchange rate,PA.NUS.PPPC.RF,IDA total,IDA,..,..,..,..,..,..,..,..,..,..
Price level ratio of PPP conversion factor (GDP) to market exchange rate,PA.NUS.PPPC.RF,Late-demographic dividend,LTE,..,..,..,..,..,..,..,..,..,..
Price level ratio of PPP conversion factor (GDP) to market exchange rate,PA.NUS.PPPC.RF,Latin America & Caribbean,LCN,..,..,..,..,..,..,..,..,..,..
Price level ratio of PPP conversion factor (GDP) to market exchange rate,PA.NUS.PPPC.RF,Latin America & Caribbean (excluding high income),LAC,..,..,..,..,..,..,..,..,..,..
Price level ratio of PPP conversion factor (GDP) to market exchange rate,PA.NUS.PPPC.RF,Latin America & the Caribbean (IDA & IBRD countries),TLA,..,..,..,..,..,..,..,..,..,..
Price level ratio of PPP conversion factor (GDP) to market exchange rate,PA.NUS.PPPC.RF,Least developed countries: UN classification,LDC,..,..,..,..,..,..,..,..,..,..
Price level ratio of PPP conversion factor (GDP) to market exchange rate,PA.NUS.PPPC.RF,Low & middle income,LMY,..,..,..,..,..,..,..,..,..,..
Price level ratio of PPP conversion factor (GDP) to market exchange rate,PA.NUS.PPPC.RF,Low income,LIC,..,..,..,..,..,..,..,..,..,..
Price level ratio of PPP conversion factor (GDP) to market exchange rate,PA.NUS.PPPC.RF,Lower middle income,LMC,..,..,..,..,..,..,..,..,..,..
Price level ratio of PPP conversion factor (GDP) to market exchange rate,PA.NUS.PPPC.RF,Middle East & North Africa,MEA,..,..,..,..,..,..,..,..,..,..
Price level ratio of PPP conversion factor (GDP) to market exchange rate,PA.NUS.PPPC.RF,Middle East & North Africa (excluding high income),MNA,..,..,..,..,..,..,..,..,..,..
Price level ratio of PPP conversion factor (GDP) to market exchange rate,PA.NUS.PPPC.RF,Middle East & North Africa (IDA & IBRD countries),TMN,..,..,..,..,..,..,..,..,..,..
Price level ratio of PPP conversion factor (GDP) to market exchange rate,PA.NUS.PPPC.RF,Middle income,MIC,..,..,..,..,..,..,..,..,..,..
Price level ratio of PPP conversion factor (GDP) to market exchange rate,PA.NUS.PPPC.RF,North America,NAC,..,..,..,..,..,..,..,..,..,..
Price level ratio of PPP conversion factor (GDP) to market exchange rate,PA.NUS.PPPC.RF,Not classified,INX,..,..,..,..,..,..,..,..,..,..
Price level ratio of PPP conversion factor (GDP) to market exchange rate,PA.NUS.PPPC.RF,OECD members,OED,..,..,..,..,..,..,..,..,..,..
Price level ratio of PPP conversion factor (GDP) to market exchange rate,PA.NUS.PPPC.RF,Other small states,OSS,..,..,..,..,..,..,..,..,..,..
Price level ratio of PPP conversion factor (GDP) to market exchange rate,PA.NUS.PPPC.RF,Pacific island small states,PSS,..,..,..,..,..,..,..,..,..,..
Price level ratio of PPP conversion factor (GDP) to market exchange rate,PA.NUS.PPPC.RF,Post-demographic dividend,PST,..,..,..,..,..,..,..,..,..,..
Price level ratio of PPP conversion factor (GDP) to market exchange rate,PA.NUS.PPPC.RF,Pre-demographic dividend,PRE,..,..,..,..,..,..,..,..,..,..
Price level ratio of PPP conversion factor (GDP) to market exchange rate,PA.NUS.PPPC.RF,Small states,SST,..,..,..,..,..,..,..,..,..,..
Price level ratio of PPP conversion factor (GDP) to market exchange rate,PA.NUS.PPPC.RF,South Asia,SAS,..,..,..,..,..,..,..,..,..,..
Price level ratio of PPP conversion factor (GDP) to market exchange rate,PA.NUS.PPPC.RF,South Asia (IDA & IBRD),TSA,..,..,..,..,..,..,..,..,..,..
Price level ratio of PPP conversion factor (GDP) to market exchange rate,PA.NUS.PPPC.RF,Sub-Saharan Africa,SSF,..,..,..,..,..,..,..,..,..,..
Price level ratio of PPP conversion factor (GDP) to market exchange rate,PA.NUS.PPPC.RF,Sub-Saharan Africa (excluding high income),SSA,..,..,..,..,..,..,..,..,..,..
Price level ratio of PPP conversion factor (GDP) to market exchange rate,PA.NUS.PPPC.RF,Sub-Saharan Africa (IDA & IBRD countries),TSS,..,..,..,..,..,..,..,..,..,..
Price level ratio of PPP conversion factor (GDP) to market exchange rate,PA.NUS.PPPC.RF,Upper middle income,UMC,..,..,..,..,..,..,..,..,..,..
Price level ratio of PPP conversion factor (GDP) to market exchange rate,PA.NUS.PPPC.RF,World,WLD,..,..,..,..,..,..,..,..,..,..
,,,,,,,,,,,,,
,,,,,,,,,,,,,
,,,,,,,,,,,,,
Data from database: World Development Indicators,,,,,,,,,,,,,
Last Updated: 01/28/2025,,,,,,,,,,,,,
